{
  "_format": "hh-sol-cache-2",
  "files": {
    "C:\\Users\\akash\\Downloads\\Polygon_module 1\\Poly_Proof_Advance_Module1\\contracts\\StreetNft.sol": {
      "lastModificationDate": 1723289344665,
      "contentHash": "044badabcd250ccd3c5769c88a573e94",
      "sourceName": "contracts/StreetNft.sol",
      "solcConfig": {
        "version": "0.8.20",
        "settings": {
          "evmVersion": "paris",
          "optimizer": {
            "enabled": false,
            "runs": 200
          },
          "outputSelection": {
            "*": {
              "*": [
                "abi",
                "evm.bytecode",
                "evm.deployedBytecode",
                "evm.methodIdentifiers",
                "metadata"
              ],
              "": [
                "ast"
              ]
            }
          }
        }
      },
      "imports": [
        "erc721a/contracts/ERC721A.sol",
        "@openzeppelin/contracts/access/Ownable.sol"
      ],
      "versionPragmas": [
        "^0.8.18"
      ],
      "artifacts": [
        "StreetNft"
      ]
    },
    "C:\\Users\\akash\\Downloads\\Polygon_module 1\\Poly_Proof_Advance_Module1\\node_modules\\@openzeppelin\\contracts\\access\\Ownable.sol": {
      "lastModificationDate": 1723289954687,
      "contentHash": "d3c790edc9ccf808a17c5a6cd13614fd",
      "sourceName": "@openzeppelin/contracts/access/Ownable.sol",
      "solcConfig": {
        "version": "0.8.20",
        "settings": {
          "evmVersion": "paris",
          "optimizer": {
            "enabled": false,
            "runs": 200
          },
          "outputSelection": {
            "*": {
              "*": [
                "abi",
                "evm.bytecode",
                "evm.deployedBytecode",
                "evm.methodIdentifiers",
                "metadata"
              ],
              "": [
                "ast"
              ]
            }
          }
        }
      },
      "imports": [
        "../utils/Context.sol"
      ],
      "versionPragmas": [
        "^0.8.20"
      ],
      "artifacts": [
        "Ownable"
      ]
    },
    "C:\\Users\\akash\\Downloads\\Polygon_module 1\\Poly_Proof_Advance_Module1\\node_modules\\erc721a\\contracts\\ERC721A.sol": {
      "lastModificationDate": 1723289951424,
      "contentHash": "f00e8b038a7d958f397c9fb8d107ec1c",
      "sourceName": "erc721a/contracts/ERC721A.sol",
      "solcConfig": {
        "version": "0.8.20",
        "settings": {
          "evmVersion": "paris",
          "optimizer": {
            "enabled": false,
            "runs": 200
          },
          "outputSelection": {
            "*": {
              "*": [
                "abi",
                "evm.bytecode",
                "evm.deployedBytecode",
                "evm.methodIdentifiers",
                "metadata"
              ],
              "": [
                "ast"
              ]
            }
          }
        }
      },
      "imports": [
        "./IERC721A.sol"
      ],
      "versionPragmas": [
        "^0.8.4"
      ],
      "artifacts": [
        "ERC721A",
        "ERC721A__IERC721Receiver"
      ]
    },
    "C:\\Users\\akash\\Downloads\\Polygon_module 1\\Poly_Proof_Advance_Module1\\node_modules\\@openzeppelin\\contracts\\utils\\Context.sol": {
      "lastModificationDate": 1723289954263,
      "contentHash": "67bfbc07588eb8683b3fd8f6f909563e",
      "sourceName": "@openzeppelin/contracts/utils/Context.sol",
      "solcConfig": {
        "version": "0.8.20",
        "settings": {
          "evmVersion": "paris",
          "optimizer": {
            "enabled": false,
            "runs": 200
          },
          "outputSelection": {
            "*": {
              "*": [
                "abi",
                "evm.bytecode",
                "evm.deployedBytecode",
                "evm.methodIdentifiers",
                "metadata"
              ],
              "": [
                "ast"
              ]
            }
          }
        }
      },
      "imports": [],
      "versionPragmas": [
        "^0.8.20"
      ],
      "artifacts": [
        "Context"
      ]
    },
    "C:\\Users\\akash\\Downloads\\Polygon_module 1\\Poly_Proof_Advance_Module1\\node_modules\\erc721a\\contracts\\IERC721A.sol": {
      "lastModificationDate": 1723289951821,
      "contentHash": "f6791e37b41ad9fa583adb9845c17d51",
      "sourceName": "erc721a/contracts/IERC721A.sol",
      "solcConfig": {
        "version": "0.8.20",
        "settings": {
          "evmVersion": "paris",
          "optimizer": {
            "enabled": false,
            "runs": 200
          },
          "outputSelection": {
            "*": {
              "*": [
                "abi",
                "evm.bytecode",
                "evm.deployedBytecode",
                "evm.methodIdentifiers",
                "metadata"
              ],
              "": [
                "ast"
              ]
            }
          }
        }
      },
      "imports": [],
      "versionPragmas": [
        "^0.8.4"
      ],
      "artifacts": [
        "IERC721A"
      ]
    }
  }
}
